cc,count,pct
<900,881,0.005233860283852264
1000,10210,0.06065574744396324
1300,20204,0.12002827829165849
1400,15272,0.09072816601020632
1500,18800,0.11168737041591664
1600,43824,0.2603503894205921
2000,48599,0.28871779334271985
2400,7407,0.04400363578035609
>2400,3130,0.018594759010735058
